"Referência (texto)";"ID do catálogo";"Nome no aplicativo (PT-BR)";"Nome original (EN)";"Região";"Equipamento";"Alvo muscular do catálogo";"Músculos secundários";"Situação da animação";"Slug já reservado no projeto";"Pasta sugerida para entrega";"Instruções originais (EN)"
"EX-3699";"3699";"Ombro toque";"shoulder tap";"Abdômen";"Peso corporal";"Abdominais";"ombros, tríceps";"Sem sprites; slug já reservado";"plank-shoulder-tap";"3699-plank-shoulder-tap";"1. Start in a high plank position with your hands directly under your shoulders and your body in a straight line. | 2. Engage your core and lift your right hand off the ground, reaching across to tap your left shoulder. | 3. Place your right hand back on the ground and repeat with your left hand tapping your right shoulder. | 4. Continue alternating shoulder taps while keeping your hips and torso stable. | 5. Repeat for the desired number of repetitions."
"EX-1735";"1735";"Extensão deitado unilateral com halteres";"dumbbell lying single extension";"Braços";"Haltere";"Tríceps";"ombros";"Sem sprites; slug já reservado";"single-dumbbell-skullcrusher";"1735-single-dumbbell-skullcrusher";"1. Lie flat on a bench with a dumbbell in one hand and your arm fully extended above your chest. | 2. Lower the dumbbell in a controlled manner towards your forehead, keeping your upper arm stationary. | 3. Pause briefly at the bottom of the movement, then extend your arm back to the starting position. | 4. Repeat for the desired number of repetitions, then switch arms."
"EX-0423";"0423";"Extensão em pé unilateral com halteres";"dumbbell standing one arm extension";"Braços";"Haltere";"Tríceps";"ombros";"Sem sprites; slug já reservado";"single-arm-dumbbell-tricep-extension";"0423-single-arm-dumbbell-tricep-extension";"1. Stand with your feet shoulder-width apart, holding a dumbbell in one hand. | 2. Raise the dumbbell overhead, fully extending your arm. | 3. Keep your upper arm close to your head and perpendicular to the ground. | 4. Slowly lower the dumbbell behind your head, bending your elbow. | 5. Pause for a moment, then raise the dumbbell back to the starting position. | 6. Repeat for the desired number of repetitions."
"EX-0471";"0471";"Parada de mãos flexão de braços";"handstand push-up";"Braços";"Peso corporal";"Tríceps";"ombros, peito, core";"Sem sprites; slug já reservado";"handstand-push-up";"0471-handstand-push-up";"1. Find a wall and face away from it, standing a few feet away. | 2. Place your hands on the ground shoulder-width apart and kick your feet up against the wall, coming into a handstand position. | 3. Bend your elbows and lower your head towards the ground, keeping your body in a straight line. | 4. Push through your hands and extend your arms to return to the starting position. | 5. Repeat for the desired number of repetitions."
"EX-2141";"2141";"Caminhada elíptico cruzado treinador";"walk elliptical cross trainer";"Cardio";"Elíptica";"Sistema cardiovascular";"quadríceps, isquiotibiais, glúteos, panturrilhas";"Sem sprites; slug já reservado";"elliptical";"2141-elliptical";"1. Adjust the resistance level and incline of the elliptical machine to your desired settings. | 2. Step onto the pedals of the machine and grip the handles lightly. | 3. Begin by pushing down with your feet and pulling the handles towards your body. | 4. Continue this motion, alternating between pushing and pulling, to simulate a walking or running motion. | 5. Maintain a steady pace and keep your core engaged throughout the exercise. | 6. Continue for the desired duration of your cardio workout. | 7. Gradually decrease the intensity and speed of the machine before stepping off."
"EX-3361";"3361";"Patinador saltos";"skater hops";"Cardio";"Peso corporal";"Sistema cardiovascular";"quadríceps, isquiotibiais, glúteos, panturrilhas";"Sem sprites; slug já reservado";"skater-hop";"3361-skater-hop";"1. Stand with your feet shoulder-width apart. | 2. Bend your knees slightly and jump to the right, landing on your right foot. | 3. As you land, swing your left leg behind your right leg and tap the ground with your left toes. | 4. Immediately jump to the left, landing on your left foot. | 5. As you land, swing your right leg behind your left leg and tap the ground with your right toes. | 6. Continue alternating sides, jumping and tapping the ground with each leg. | 7. Repeat for the desired number of repetitions."
"EX-1326";"1326";"Barra fixa supinada";"chin-up";"Costas";"Peso corporal";"Dorsais";"bíceps, antebraços";"Sem sprites; slug já reservado";"chin-up";"1326-chin-up";"1. Hang from a pull-up bar with your palms facing towards you and your hands shoulder-width apart. | 2. Engage your core and pull your body up towards the bar, leading with your chest. | 3. Continue pulling until your chin is above the bar. | 4. Pause for a moment at the top, then slowly lower your body back down to the starting position. | 5. Repeat for the desired number of repetitions."
"EX-0189";"0189";"Remada curvada unilateral no cabo";"cable one arm bent over row";"Costas";"Cabo";"Costas superiores";"bíceps, antebraços";"Sem sprites; slug já reservado";"single-arm-cable-row";"0189-single-arm-cable-row";"1. Stand facing a cable machine with your feet shoulder-width apart. | 2. Bend your knees slightly and hinge forward at the hips, keeping your back straight. | 3. Grasp the cable handle with one hand, palm facing inward, and extend your arm fully. | 4. Pull the cable handle towards your body, keeping your elbow close to your side, until your hand reaches your lower chest. | 5. Pause for a moment, then slowly extend your arm back to the starting position. | 6. Repeat for the desired number of repetitions, then switch sides."
"EX-0499";"0499";"Remada invertido";"inverted row";"Costas";"Peso corporal";"Costas superiores";"bíceps, antebraços";"Sem sprites; slug já reservado";"inverted-row";"0499-inverted-row";"1. Set up a bar at waist height or use a suspension trainer. | 2. Stand facing the bar or suspension trainer, with your feet shoulder-width apart. | 3. Grab the bar or handles with an overhand grip, slightly wider than shoulder-width apart. | 4. Lean back, keeping your body straight and your heels on the ground. | 5. Pull your chest towards the bar or handles, squeezing your shoulder blades together. | 6. Pause for a moment at the top, then slowly lower yourself back to the starting position. | 7. Repeat for the desired number of repetitions."
"EX-1350";"1350";"Remada sentado na máquina articulada";"lever seated row";"Costas";"Máquina articulada";"Costas superiores";"bíceps, antebraços";"Sem sprites; slug já reservado";"machine-row";"1350-machine-row";"1. Adjust the seat height and footrests to a comfortable position. | 2. Sit on the machine with your chest against the pad and your feet on the footrests. | 3. Grasp the handles with an overhand grip, shoulder-width apart. | 4. Keep your back straight and your core engaged. | 5. Pull the handles towards your body, squeezing your shoulder blades together. | 6. Pause for a moment at the peak of the movement. | 7. Slowly release the handles and return to the starting position. | 8. Repeat for the desired number of repetitions."
"EX-0602";"0602";"Crucifixo inverso sentado na máquina articulada";"lever seated reverse fly";"Ombros";"Máquina articulada";"Deltoides";"trapézio, romboides";"Sem sprites; slug já reservado";"reverse-pec-deck";"0602-reverse-pec-deck";"1. Adjust the seat height and position yourself on the machine with your chest against the pad and your feet flat on the floor. | 2. Grasp the handles with an overhand grip and keep your arms slightly bent. | 3. Exhale and squeeze your shoulder blades together as you pull the handles back and outward, away from your body. | 4. Pause for a moment at the peak contraction, then inhale and slowly return to the starting position. | 5. Repeat for the desired number of repetitions."
"EX-0426";"0426";"Desenvolvimento em pé acima da cabeça com halteres";"dumbbell standing overhead press";"Ombros";"Haltere";"Deltoides";"tríceps, costas superiores";"Sem sprites; slug já reservado";"standing-dumbbell-press";"0426-standing-dumbbell-press";"1. Stand with your feet shoulder-width apart, holding a dumbbell in each hand at shoulder level with your palms facing forward. | 2. Press the dumbbells upward until your arms are fully extended overhead. | 3. Pause for a moment at the top, then slowly lower the dumbbells back down to shoulder level. | 4. Repeat for the desired number of repetitions."
"EX-3211";"3211";"Flexão de braços ajoelhado (masculino)";"kneeling push-up (male)";"Peito";"Peso corporal";"Peitorais";"tríceps, ombros";"Sem sprites; slug já reservado";"knee-push-up";"3211-knee-push-up";"1. Start by kneeling on the ground with your hands shoulder-width apart, fingers pointing forward. | 2. Extend your legs behind you, resting on the balls of your feet, so that your body forms a straight line from head to heels. | 3. Engage your core and lower your body towards the ground by bending your elbows, keeping them close to your sides. | 4. Continue lowering until your chest is just above the ground, then push back up to the starting position by straightening your arms. | 5. Repeat for the desired number of repetitions."
"EX-0196";"0196";"Pull-through (com corda) no cabo";"cable pull through (with rope)";"Pernas";"Cabo";"Glúteos";"isquiotibiais, região lombar";"Sem sprites; slug já reservado";"cable-pull-through";"0196-cable-pull-through";"1. Stand facing away from the cable machine with your feet shoulder-width apart. | 2. Grab the rope attachment with both hands and step forward, creating tension in the cable. | 3. Bend at the hips and lower your upper body until it is parallel to the ground, keeping your back straight. | 4. Engage your glutes and hamstrings to pull your body back up to the starting position. | 5. Repeat for the desired number of repetitions."
"EX-0599";"0599";"Rosca sentado perna na máquina articulada";"lever seated leg curl";"Pernas";"Máquina articulada";"Isquiotibiais";"panturrilhas";"Sem sprites; slug já reservado";"seated-leg-curl";"0599-seated-leg-curl";"1. Adjust the machine to fit your body and sit on it with your back against the backrest. | 2. Place your lower legs under the padded lever, just above your ankles. | 3. Grasp the handles on the sides of the machine for support. | 4. Keeping your upper legs stationary, exhale and curl your legs up as far as possible. | 5. Hold the contracted position for a brief pause as you squeeze your hamstrings. | 6. Inhale and slowly lower the lever back to the starting position. | 7. Repeat for the desired number of repetitions."
"EX-0598";"0598";"Sentado quadril adução na máquina articulada";"lever seated hip adduction";"Pernas";"Máquina articulada";"Adutores";"isquiotibiais, glúteos";"Sem sprites; slug já reservado";"hip-adduction-machine";"0598-hip-adduction-machine";"1. Adjust the seat height and position yourself on the machine with your back against the backrest. | 2. Place your feet on the footrests and grasp the handles for stability. | 3. Engage your adductor muscles and slowly bring your legs together, squeezing your inner thighs. | 4. Pause for a moment at the peak contraction, then slowly return to the starting position. | 5. Repeat for the desired number of repetitions."
