"Referência (texto)";"ID do catálogo";"Nome no aplicativo (PT-BR)";"Nome original (EN)";"Região";"Equipamento";"Slug da animação existente";"Quadros";"Pasta dos sprites"
"EX-0175";"0175";"Abdominal ajoelhado no cabo";"cable kneeling crunch";"Abdômen";"Cabo";"cable-crunch";"4";"frontend/src/assets/exercise-sprites/cable-crunch"
"EX-0832";"0832";"Abdominal com peso adicional";"weighted crunch";"Abdômen";"Com carga";"weighted-crunch";"6";"frontend/src/assets/exercise-sprites/weighted-crunch"
"EX-0282";"0282";"Abdominal declinado";"decline sit-up";"Abdômen";"Peso corporal";"decline-sit-up";"4";"frontend/src/assets/exercise-sprites/decline-sit-up"
"EX-0872";"0872";"Abdominal invertido";"reverse crunch";"Abdômen";"Peso corporal";"reverse-crunch";"4";"frontend/src/assets/exercise-sprites/reverse-crunch"
"EX-0274";"0274";"Abdominal no chão";"crunch floor";"Abdômen";"Peso corporal";"crunch";"4";"frontend/src/assets/exercise-sprites/crunch"
"EX-0003";"0003";"Bicicleta no ar";"air bike";"Abdômen";"Peso corporal";"bicycle-crunch";"4";"frontend/src/assets/exercise-sprites/bicycle-crunch"
"EX-1471";"1471";"Caminhada com as mãos";"inchworm";"Abdômen";"Peso corporal";"inchworm";"4";"frontend/src/assets/exercise-sprites/inchworm"
"EX-0276";"0276";"Dead bug";"dead bug";"Abdômen";"Peso corporal";"dead-bug";"4";"frontend/src/assets/exercise-sprites/dead-bug"
"EX-2355";"2355";"Elevação de pernas suspensa com joelhos flexionados";"arm slingers hanging bent knee legs";"Abdômen";"Peso corporal";"hanging-knee-raise";"5";"frontend/src/assets/exercise-sprites/hanging-knee-raise"
"EX-0472";"0472";"Elevação de pernas suspenso";"hanging leg raise";"Abdômen";"Peso corporal";"hanging-leg-raise";"4";"frontend/src/assets/exercise-sprites/hanging-leg-raise"
"EX-0865";"0865";"Elevação de quadril deitado perna";"lying leg-hip raise";"Abdômen";"Peso corporal";"lying-leg-raise";"4";"frontend/src/assets/exercise-sprites/lying-leg-raise"
"EX-0756";"0756";"Elevação de quadril no aparelho Smith";"smith hip raise";"Abdômen";"Máquina Smith";"smith-machine-hip-thrust";"4";"frontend/src/assets/exercise-sprites/smith-machine-hip-thrust"
"EX-0407";"0407";"Flexão lateral com halteres";"dumbbell side bend";"Abdômen";"Haltere";"dumbbell-side-bend";"4";"frontend/src/assets/exercise-sprites/dumbbell-side-bend"
"EX-3419";"3419";"L sentado no chão";"l-sit on floor";"Abdômen";"Peso corporal";"l-sit-hold";"4";"frontend/src/assets/exercise-sprites/l-sit-hold"
"EX-0979";"0979";"Pressão Pallof horizontal com faixa elástica";"band horizontal pallof press";"Abdômen";"Faixa elástica";"banded-pallof-press";"4";"frontend/src/assets/exercise-sprites/banded-pallof-press"
"EX-0857";"0857";"Roda extensão abdominal";"wheel rollerout";"Abdômen";"Roda abdominal";"ab-wheel";"6";"frontend/src/assets/exercise-sprites/ab-wheel"
"EX-0687";"0687";"Rotação russo";"russian twist";"Abdômen";"Peso corporal";"russian-twist";"4";"frontend/src/assets/exercise-sprites/russian-twist"
"EX-0846";"0846";"Rotação russo com peso adicional";"weighted russian twist";"Abdômen";"Com carga";"weighted-russian-twist";"4";"frontend/src/assets/exercise-sprites/weighted-russian-twist"
"EX-0006";"0006";"Toque alternado nos calcanhares";"alternate heel touchers";"Abdômen";"Peso corporal";"heel-tap";"5";"frontend/src/assets/exercise-sprites/heel-tap"
"EX-0126";"0126";"Flexão de punhos com barra";"barbell wrist curl";"Antebraços";"Barra";"wrist-curl";"4";"frontend/src/assets/exercise-sprites/wrist-curl"
"EX-0385";"0385";"Flexão de punhos invertido com halteres";"dumbbell reverse wrist curl";"Antebraços";"Haltere";"wrist-extension";"4";"frontend/src/assets/exercise-sprites/wrist-extension"
"EX-0333";"0333";"Coice com halteres";"dumbbell kickback";"Braços";"Haltere";"tricep-kickback";"4";"frontend/src/assets/exercise-sprites/tricep-kickback"
"EX-2142";"2142";"Esqui ergômetro";"ski ergometer";"Braços";"SkiErg";"skierg";"6";"frontend/src/assets/exercise-sprites/skierg"
"EX-1722";"1722";"Extensão de tríceps alto polia acima da cabeça no cabo";"cable high pulley overhead tricep extension";"Braços";"Cabo";"overhead-tricep-extension";"4";"frontend/src/assets/exercise-sprites/overhead-tricep-extension"
"EX-0351";"0351";"Extensão de tríceps deitado com halteres";"dumbbell lying triceps extension";"Braços";"Haltere";"dumbbell-skull-crusher";"4";"frontend/src/assets/exercise-sprites/dumbbell-skull-crusher"
"EX-0060";"0060";"Extensão de tríceps deitado tríceps testa com barra";"barbell lying triceps extension skull crusher";"Braços";"Barra";"skull-crusher";"4";"frontend/src/assets/exercise-sprites/skull-crusher"
"EX-0389";"0389";"Extensão sentado banco com halteres";"dumbbell seated bench extension";"Braços";"Haltere";"dumbbell-overhead-tricep-extension";"3";"frontend/src/assets/exercise-sprites/dumbbell-overhead-tricep-extension"
"EX-0283";"0283";"Flexão de braços diamante";"diamond push-up";"Braços";"Peso corporal";"diamond-push-up";"4";"frontend/src/assets/exercise-sprites/diamond-push-up"
"EX-0129";"0129";"Mergulho banco (joelhos flexionado)";"bench dip (knees bent)";"Braços";"Peso corporal";"bench-dip";"4";"frontend/src/assets/exercise-sprites/bench-dip"
"EX-0814";"0814";"Mergulho para tríceps";"triceps dip";"Braços";"Peso corporal";"dip";"6";"frontend/src/assets/exercise-sprites/dip"
"EX-0019";"0019";"Mergulho para tríceps assistido (ajoelhado)";"assisted triceps dip (kneeling)";"Braços";"Máquina articulada";"assisted-dip";"4";"frontend/src/assets/exercise-sprites/assisted-dip"
"EX-0038";"0038";"Rosca arrasto com barra";"barbell drag curl";"Braços";"Barra";"drag-curl";"4";"frontend/src/assets/exercise-sprites/drag-curl"
"EX-0447";"0447";"Rosca com barra W";"ez barbell curl";"Braços";"Barra EZ";"ez-bar-curl";"4";"frontend/src/assets/exercise-sprites/ez-bar-curl"
"EX-0297";"0297";"Rosca concentrada com halteres";"dumbbell concentration curl";"Braços";"Haltere";"concentration-curl";"4";"frontend/src/assets/exercise-sprites/concentration-curl"
"EX-0294";"0294";"Rosca de bíceps com halteres";"dumbbell biceps curl";"Braços";"Haltere";"bicep-curl";"4";"frontend/src/assets/exercise-sprites/bicep-curl"
"EX-0318";"0318";"Rosca inclinado com halteres";"dumbbell incline curl";"Braços";"Haltere";"incline-dumbbell-curl";"4";"frontend/src/assets/exercise-sprites/incline-dumbbell-curl"
"EX-0080";"0080";"Rosca invertido com barra";"barbell reverse curl";"Braços";"Barra";"reverse-curl";"4";"frontend/src/assets/exercise-sprites/reverse-curl"
"EX-0165";"0165";"Rosca martelo (com corda) no cabo";"cable hammer curl (with rope)";"Braços";"Cabo";"rope-hammer-curl";"4";"frontend/src/assets/exercise-sprites/rope-hammer-curl"
"EX-0313";"0313";"Rosca martelo com halteres";"dumbbell hammer curl";"Braços";"Haltere";"hammer-curl";"4";"frontend/src/assets/exercise-sprites/hammer-curl"
"EX-0868";"0868";"Rosca no cabo";"cable curl";"Braços";"Cabo";"cable-curl";"4";"frontend/src/assets/exercise-sprites/cable-curl"
"EX-0592";"0592";"Rosca Scott na máquina articulada";"lever preacher curl";"Braços";"Máquina articulada";"preacher-curl";"4";"frontend/src/assets/exercise-sprites/preacher-curl"
"EX-0030";"0030";"Supino com pegada fechada com barra";"barbell close-grip bench press";"Braços";"Barra";"close-grip-bench-press";"4";"frontend/src/assets/exercise-sprites/close-grip-bench-press"
"EX-1755";"1755";"Tríceps mergulhos com peso adicional";"weighted tricep dips";"Braços";"Com carga";"weighted-dip";"6";"frontend/src/assets/exercise-sprites/weighted-dip"
"EX-0200";"0200";"Tríceps na polia (com corda) no cabo";"cable pushdown (with rope attachment)";"Braços";"Cabo";"rope-tricep-pushdown";"3";"frontend/src/assets/exercise-sprites/rope-tricep-pushdown"
"EX-0201";"0201";"Tríceps na polia no cabo";"cable pushdown";"Braços";"Cabo";"tricep-pushdown";"4";"frontend/src/assets/exercise-sprites/tricep-pushdown"
"EX-1160";"1160";"Burpee";"burpee";"Cardio";"Peso corporal";"burpee";"5";"frontend/src/assets/exercise-sprites/burpee"
"EX-3360";"3360";"Caminhada do urso";"bear crawl";"Cardio";"Peso corporal";"bear-crawl";"4";"frontend/src/assets/exercise-sprites/bear-crawl"
"EX-2311";"2311";"Caminhando no simulador de escadas";"walking on stepmill";"Cardio";"Simulador de escadas";"stair-climber";"4";"frontend/src/assets/exercise-sprites/stair-climber"
"EX-2138";"2138";"Corrida parado bicicleta versão 3";"stationary bike run v. 3";"Cardio";"Bicicleta estática";"cycling";"4";"frontend/src/assets/exercise-sprites/cycling"
"EX-0630";"0630";"Escalador";"mountain climber";"Cardio";"Peso corporal";"mountain-climber";"4";"frontend/src/assets/exercise-sprites/mountain-climber"
"EX-2612";"2612";"Salto corda";"jump rope";"Cardio";"Corda";"jump-rope";"3";"frontend/src/assets/exercise-sprites/jump-rope"
"EX-3224";"3224";"Salto polichinelo (masculino)";"jack jump (male)";"Cardio";"Peso corporal";"jumping-jack";"6";"frontend/src/assets/exercise-sprites/jumping-jack"
"EX-0652";"0652";"Barra fixa";"pull-up";"Costas";"Peso corporal";"pull-up";"4";"frontend/src/assets/exercise-sprites/pull-up"
"EX-0651";"0651";"Barra fixa (com pegada neutra)";"pull up (neutral grip)";"Costas";"Peso corporal";"neutral-grip-pull-up";"6";"frontend/src/assets/exercise-sprites/neutral-grip-pull-up"
"EX-0017";"0017";"Barra fixa assistida";"assisted pull-up";"Costas";"Máquina articulada";"assisted-pull-up";"4";"frontend/src/assets/exercise-sprites/assisted-pull-up"
"EX-0841";"0841";"Barra fixa com peso adicional";"weighted pull-up";"Costas";"Com carga";"weighted-pull-up";"6";"frontend/src/assets/exercise-sprites/weighted-pull-up"
"EX-0688";"0688";"Barra fixa escapular";"scapular pull-up";"Costas";"Peso corporal";"scapular-pull-up";"4";"frontend/src/assets/exercise-sprites/scapular-pull-up"
"EX-3418";"3418";"Barra fixa l";"l-pull-up";"Costas";"Peso corporal";"l-sit-pull-up";"3";"frontend/src/assets/exercise-sprites/l-sit-pull-up"
"EX-0572";"0572";"Barra fixa supinada assistido na máquina articulada";"lever assisted chin-up";"Costas";"Máquina articulada";"assisted-chin-up";"3";"frontend/src/assets/exercise-sprites/assisted-chin-up"
"EX-0095";"0095";"Encolhimento com barra";"barbell shrug";"Costas";"Barra";"shrug";"4";"frontend/src/assets/exercise-sprites/shrug"
"EX-0406";"0406";"Encolhimento com halteres";"dumbbell shrug";"Costas";"Haltere";"dumbbell-shrug";"4";"frontend/src/assets/exercise-sprites/dumbbell-shrug"
"EX-0489";"0489";"Hiperextensão";"hyperextension";"Costas";"Peso corporal";"back-extension";"4";"frontend/src/assets/exercise-sprites/back-extension"
"EX-0197";"0197";"Puxada alta (pro dorsal barra) no cabo";"cable pulldown (pro lat bar)";"Costas";"Cabo";"wide-grip-lat-pulldown";"4";"frontend/src/assets/exercise-sprites/wide-grip-lat-pulldown"
"EX-0238";"0238";"Puxada alta com braços estendidos no cabo";"cable straight arm pulldown";"Costas";"Cabo";"straight-arm-pulldown";"4";"frontend/src/assets/exercise-sprites/straight-arm-pulldown"
"EX-0818";"0818";"Puxada alta duplo pegador com pegada paralela";"twin handle parallel grip lat pulldown";"Costas";"Cabo";"close-grip-lat-pulldown";"6";"frontend/src/assets/exercise-sprites/close-grip-lat-pulldown"
"EX-0198";"0198";"Puxada alta no cabo";"cable pulldown";"Costas";"Cabo";"lat-pulldown";"4";"frontend/src/assets/exercise-sprites/lat-pulldown"
"EX-0027";"0027";"Remada curvada com barra";"barbell bent over row";"Costas";"Barra";"barbell-row";"4";"frontend/src/assets/exercise-sprites/barbell-row"
"EX-0293";"0293";"Remada curvada com halteres";"dumbbell bent over row";"Costas";"Haltere";"dumbbell-bent-over-row";"4";"frontend/src/assets/exercise-sprites/dumbbell-bent-over-row"
"EX-0292";"0292";"Remada curvada unilateral com halteres";"dumbbell one arm bent-over row";"Costas";"Haltere";"one-arm-dumbbell-row";"4";"frontend/src/assets/exercise-sprites/one-arm-dumbbell-row"
"EX-3165";"3165";"Remada em pé (com toalha) com peso corporal";"bodyweight standing row (with towel)";"Costas";"Peso corporal";"towel-row";"4";"frontend/src/assets/exercise-sprites/towel-row"
"EX-3017";"3017";"Remada pendlay com barra";"barbell pendlay row";"Costas";"Barra";"pendlay-row";"4";"frontend/src/assets/exercise-sprites/pendlay-row"
"EX-0861";"0861";"Remada sentado no cabo";"cable seated row";"Costas";"Cabo";"seated-row";"4";"frontend/src/assets/exercise-sprites/seated-row"
"EX-0606";"0606";"Remada t barra na máquina articulada";"lever t bar row";"Costas";"Máquina articulada";"t-bar-row";"4";"frontend/src/assets/exercise-sprites/t-bar-row"
"EX-0669";"0669";"Alongamento posterior deltoide";"rear deltoid stretch";"Ombros";"Peso corporal";"cross-body-shoulder-stretch";"4";"frontend/src/assets/exercise-sprites/cross-body-shoulder-stretch"
"EX-0225";"0225";"Crucifixo inverso em pé cruzado sobre alto no cabo";"cable standing cross-over high reverse fly";"Ombros";"Cabo";"cable-rear-delt-fly";"3";"frontend/src/assets/exercise-sprites/cable-rear-delt-fly"
"EX-0378";"0378";"Crucifixo posterior com halteres";"dumbbell rear fly";"Ombros";"Haltere";"rear-delt-fly";"4";"frontend/src/assets/exercise-sprites/rear-delt-fly"
"EX-2137";"2137";"Desenvolvimento arnold com halteres";"dumbbell arnold press";"Ombros";"Haltere";"arnold-press";"4";"frontend/src/assets/exercise-sprites/arnold-press"
"EX-0603";"0603";"Desenvolvimento de ombros na máquina articulada";"lever shoulder press";"Ombros";"Máquina articulada";"machine-shoulder-press";"4";"frontend/src/assets/exercise-sprites/machine-shoulder-press"
"EX-0405";"0405";"Desenvolvimento de ombros sentado com halteres";"dumbbell seated shoulder press";"Ombros";"Haltere";"seated-dumbbell-press";"4";"frontend/src/assets/exercise-sprites/seated-dumbbell-press"
"EX-1457";"1457";"Desenvolvimento militar em pé aberto com barra";"barbell standing wide military press";"Ombros";"Barra";"overhead-press";"4";"frontend/src/assets/exercise-sprites/overhead-press"
"EX-2292";"2292";"Elevação deltoide posterior com halteres";"dumbbell rear delt raise";"Ombros";"Haltere";"bent-over-rear-delt-raise";"4";"frontend/src/assets/exercise-sprites/bent-over-rear-delt-raise"
"EX-0310";"0310";"Elevação frontal com halteres";"dumbbell front raise";"Ombros";"Haltere";"front-raise";"4";"frontend/src/assets/exercise-sprites/front-raise"
"EX-0834";"0834";"Elevação frontal com peso adicional";"weighted front raise";"Ombros";"Com carga";"plate-front-raise";"6";"frontend/src/assets/exercise-sprites/plate-front-raise"
"EX-0162";"0162";"Elevação frontal no cabo";"cable front raise";"Ombros";"Cabo";"cable-front-raise";"4";"frontend/src/assets/exercise-sprites/cable-front-raise"
"EX-0334";"0334";"Elevação lateral com halteres";"dumbbell lateral raise";"Ombros";"Haltere";"lateral-raise";"4";"frontend/src/assets/exercise-sprites/lateral-raise"
"EX-0584";"0584";"Elevação lateral na máquina articulada";"lever lateral raise";"Ombros";"Máquina articulada";"machine-lateral-raise";"3";"frontend/src/assets/exercise-sprites/machine-lateral-raise"
"EX-0178";"0178";"Elevação lateral no cabo";"cable lateral raise";"Ombros";"Cabo";"cable-lateral-raise";"4";"frontend/src/assets/exercise-sprites/cable-lateral-raise"
"EX-0120";"0120";"Remada alta com barra";"barbell upright row";"Ombros";"Barra";"upright-row";"4";"frontend/src/assets/exercise-sprites/upright-row"
"EX-1377";"1377";"Alongamento de panturrilhas com mãos contra parede";"calf stretch with hands against wall";"Panturrilhas";"Peso corporal";"wall-calf-stretch";"4";"frontend/src/assets/exercise-sprites/wall-calf-stretch"
"EX-1253";"1253";"Elevação de panturrilhas coice na máquina articulada";"lever donkey calf raise";"Panturrilhas";"Máquina articulada";"donkey-calf-raise";"3";"frontend/src/assets/exercise-sprites/donkey-calf-raise"
"EX-1373";"1373";"Elevação de panturrilhas em pé com peso corporal";"bodyweight standing calf raise";"Panturrilhas";"Peso corporal";"calf-raise";"4";"frontend/src/assets/exercise-sprites/calf-raise"
"EX-0605";"0605";"Elevação de panturrilhas em pé na máquina articulada";"lever standing calf raise";"Panturrilhas";"Máquina articulada";"standing-calf-raise";"4";"frontend/src/assets/exercise-sprites/standing-calf-raise"
"EX-1385";"1385";"Elevação de panturrilhas sentado agachamento no perna desenvolvimento máquina na máquina articulada";"lever seated squat calf raise on leg press machine";"Panturrilhas";"Máquina articulada";"leg-press-calf-raise";"4";"frontend/src/assets/exercise-sprites/leg-press-calf-raise"
"EX-0594";"0594";"Elevação de panturrilhas sentado na máquina articulada";"lever seated calf raise";"Panturrilhas";"Máquina articulada";"seated-calf-raise";"4";"frontend/src/assets/exercise-sprites/seated-calf-raise"
"EX-1387";"1387";"Elevação de panturrilhas unilateral no chão";"one leg floor calf raise";"Panturrilhas";"Peso corporal";"single-leg-calf-raise";"4";"frontend/src/assets/exercise-sprites/single-leg-calf-raise"
"EX-0308";"0308";"Crucifixo com halteres";"dumbbell fly";"Peito";"Haltere";"dumbbell-fly";"3";"frontend/src/assets/exercise-sprites/dumbbell-fly"
"EX-0227";"0227";"Crucifixo em pé no cabo";"cable standing fly";"Peito";"Cabo";"cable-fly";"3";"frontend/src/assets/exercise-sprites/cable-fly"
"EX-0171";"0171";"Crucifixo inclinado no cabo";"cable incline fly";"Peito";"Cabo";"incline-cable-fly";"4";"frontend/src/assets/exercise-sprites/incline-cable-fly"
"EX-0662";"0662";"Flexão de braços";"push-up";"Peito";"Peso corporal";"push-up";"4";"frontend/src/assets/exercise-sprites/push-up"
"EX-0659";"0659";"Flexão de braços (parede)";"push-up (wall)";"Peito";"Peso corporal";"wall-push-up";"4";"frontend/src/assets/exercise-sprites/wall-push-up"
"EX-1311";"1311";"Flexão de braços aberto mão";"wide hand push up";"Peito";"Peso corporal";"wide-push-up";"6";"frontend/src/assets/exercise-sprites/wide-push-up"
"EX-0279";"0279";"Flexão de braços declinado";"decline push-up";"Peito";"Peso corporal";"decline-push-up";"4";"frontend/src/assets/exercise-sprites/decline-push-up"
"EX-3294";"3294";"Flexão de braços do arqueiro";"archer push up";"Peito";"Peso corporal";"archer-push-up";"4";"frontend/src/assets/exercise-sprites/archer-push-up"
"EX-0493";"0493";"Flexão de braços inclinado";"incline push-up";"Peito";"Peso corporal";"incline-push-up";"4";"frontend/src/assets/exercise-sprites/incline-push-up"
"EX-0699";"0699";"Flexão de braços ombro toque";"shoulder tap push-up";"Peito";"Peso corporal";"push-up-shoulder-tap";"4";"frontend/src/assets/exercise-sprites/push-up-shoulder-tap"
"EX-0251";"0251";"Mergulho para peitoral";"chest dip";"Peito";"Peso corporal";"chest-dip";"4";"frontend/src/assets/exercise-sprites/chest-dip"
"EX-0025";"0025";"Supino com barra";"barbell bench press";"Peito";"Barra";"bench-press";"4";"frontend/src/assets/exercise-sprites/bench-press"
"EX-0289";"0289";"Supino com halteres";"dumbbell bench press";"Peito";"Haltere";"dumbbell-bench-press";"4";"frontend/src/assets/exercise-sprites/dumbbell-bench-press"
"EX-0033";"0033";"Supino declinado com barra";"barbell decline bench press";"Peito";"Barra";"decline-bench-press";"4";"frontend/src/assets/exercise-sprites/decline-bench-press"
"EX-0301";"0301";"Supino declinado com halteres";"dumbbell decline bench press";"Peito";"Haltere";"decline-dumbbell-press";"4";"frontend/src/assets/exercise-sprites/decline-dumbbell-press"
"EX-0047";"0047";"Supino inclinado com barra";"barbell incline bench press";"Peito";"Barra";"incline-bench-press";"4";"frontend/src/assets/exercise-sprites/incline-bench-press"
"EX-0314";"0314";"Supino inclinado com halteres";"dumbbell incline bench press";"Peito";"Haltere";"incline-dumbbell-press";"4";"frontend/src/assets/exercise-sprites/incline-dumbbell-press"
"EX-0577";"0577";"Supino na máquina articulada";"lever chest press";"Peito";"Máquina articulada";"machine-chest-press";"4";"frontend/src/assets/exercise-sprites/machine-chest-press"
"EX-0748";"0748";"Supino no aparelho Smith";"smith bench press";"Peito";"Máquina Smith";"smith-machine-bench-press";"6";"frontend/src/assets/exercise-sprites/smith-machine-bench-press"
"EX-0410";"0410";"Agachamento búlgaro unilateral com halteres";"dumbbell single leg split squat";"Pernas";"Haltere";"bulgarian-split-squat";"3";"frontend/src/assets/exercise-sprites/bulgarian-split-squat"
"EX-0768";"0768";"Agachamento búlgaro unilateral no aparelho Smith";"smith single leg split squat";"Pernas";"Máquina Smith";"smith-machine-bulgarian-split-squat";"4";"frontend/src/assets/exercise-sprites/smith-machine-bulgarian-split-squat"
"EX-1004";"1004";"Agachamento com faixa elástica";"band squat";"Pernas";"Faixa elástica";"banded-squat";"4";"frontend/src/assets/exercise-sprites/banded-squat"
"EX-0514";"0514";"Agachamento com salto";"jump squat";"Pernas";"Peso corporal";"jump-squat";"4";"frontend/src/assets/exercise-sprites/jump-squat"
"EX-0043";"0043";"Agachamento completo com barra";"barbell full squat";"Pernas";"Barra";"squat";"4";"frontend/src/assets/exercise-sprites/squat"
"EX-0042";"0042";"Agachamento frontal com barra";"barbell front squat";"Pernas";"Barra";"front-squat";"4";"frontend/src/assets/exercise-sprites/front-squat"
"EX-1760";"1760";"Agachamento goblet com halteres";"dumbbell goblet squat";"Pernas";"Haltere";"goblet-squat";"4";"frontend/src/assets/exercise-sprites/goblet-squat"
"EX-0743";"0743";"Agachamento hack no trenó";"sled hack squat";"Pernas";"Trenó";"hack-squat";"6";"frontend/src/assets/exercise-sprites/hack-squat"
"EX-1489";"1489";"Agachamento sissy";"sissy squat";"Pernas";"Peso corporal";"sissy-squat";"6";"frontend/src/assets/exercise-sprites/sissy-squat"
"EX-1759";"1759";"Agachamento unilateral (pistol) masculino";"single leg squat (pistol) male";"Pernas";"Peso corporal";"pistol-squat";"6";"frontend/src/assets/exercise-sprites/pistol-squat"
"EX-1511";"1511";"Alongamento de posteriores de coxa";"hamstring stretch";"Pernas";"Peso corporal";"hamstring-stretch";"4";"frontend/src/assets/exercise-sprites/hamstring-stretch"
"EX-1604";"1604";"Alongamento mais completo do mundo";"world greatest stretch";"Pernas";"Peso corporal";"worlds-greatest-stretch";"4";"frontend/src/assets/exercise-sprites/worlds-greatest-stretch"
"EX-0459";"0459";"Alternados chutes";"flutter kicks";"Pernas";"Peso corporal";"flutter-kick";"4";"frontend/src/assets/exercise-sprites/flutter-kick"
"EX-3470";"3470";"Avanço para a frente (masculino)";"forward lunge (male)";"Pernas";"Peso corporal";"forward-lunge";"3";"frontend/src/assets/exercise-sprites/forward-lunge"
"EX-0381";"0381";"Avanço posterior com halteres";"dumbbell rear lunge";"Pernas";"Haltere";"reverse-lunge";"4";"frontend/src/assets/exercise-sprites/reverse-lunge"
"EX-0549";"0549";"Balanço com kettlebell";"kettlebell swing";"Pernas";"Kettlebell";"kettlebell-swing";"6";"frontend/src/assets/exercise-sprites/kettlebell-swing"
"EX-3212";"3212";"Básico toque nos pés (masculino)";"basic toe touch (male)";"Pernas";"Peso corporal";"toe-touch";"4";"frontend/src/assets/exercise-sprites/toe-touch"
"EX-0044";"0044";"Bom-dia com barra";"barbell good morning";"Pernas";"Barra";"good-morning";"4";"frontend/src/assets/exercise-sprites/good-morning"
"EX-1494";"1494";"Borboleta ioga posição";"butterfly yoga pose";"Pernas";"Peso corporal";"butterfly-stretch";"4";"frontend/src/assets/exercise-sprites/butterfly-stretch"
"EX-0058";"0058";"Deitado levantamento (no quadril) com barra";"barbell lying lifting (on hip)";"Pernas";"Barra";"hip-thrust";"4";"frontend/src/assets/exercise-sprites/hip-thrust"
"EX-1408";"1408";"Elevação de quadril com faixa elástica";"band hip lift";"Pernas";"Faixa elástica";"banded-glute-bridge";"4";"frontend/src/assets/exercise-sprites/banded-glute-bridge"
"EX-0980";"0980";"Extensão de quadril com tronco inclinado e faixa elástica";"band bent-over hip extension";"Pernas";"Faixa elástica";"banded-kickback";"4";"frontend/src/assets/exercise-sprites/banded-kickback"
"EX-0228";"0228";"Extensão em pé quadril no cabo";"cable standing hip extension";"Pernas";"Cabo";"cable-kickback";"4";"frontend/src/assets/exercise-sprites/cable-kickback"
"EX-0585";"0585";"Extensão perna na máquina articulada";"lever leg extension";"Pernas";"Máquina articulada";"leg-extension";"4";"frontend/src/assets/exercise-sprites/leg-extension"
"EX-0593";"0593";"Hiperextensão invertido na máquina articulada";"lever reverse hyperextension";"Pernas";"Máquina articulada";"reverse-hyperextension";"4";"frontend/src/assets/exercise-sprites/reverse-hyperextension"
"EX-0710";"0710";"Lateral quadril abdução";"side hip abduction";"Pernas";"Peso corporal";"side-lying-hip-abduction";"7";"frontend/src/assets/exercise-sprites/side-lying-hip-abduction"
"EX-0739";"0739";"Leg press 45° no trenó";"sled 45в° leg press";"Pernas";"Trenó";"leg-press";"2";"frontend/src/assets/exercise-sprites/leg-press"
"EX-0032";"0032";"Levantamento terra com barra";"barbell deadlift";"Pernas";"Barra";"deadlift";"4";"frontend/src/assets/exercise-sprites/deadlift"
"EX-0085";"0085";"Levantamento terra romeno com barra";"barbell romanian deadlift";"Pernas";"Barra";"romanian-deadlift";"4";"frontend/src/assets/exercise-sprites/romanian-deadlift"
"EX-1459";"1459";"Levantamento terra romeno com halteres";"dumbbell romanian deadlift";"Pernas";"Haltere";"dumbbell-romanian-deadlift";"4";"frontend/src/assets/exercise-sprites/dumbbell-romanian-deadlift"
"EX-1757";"1757";"Levantamento terra unilateral com halteres";"dumbbell single leg deadlift";"Pernas";"Haltere";"single-leg-romanian-deadlift";"4";"frontend/src/assets/exercise-sprites/single-leg-romanian-deadlift"
"EX-3013";"3013";"Ponte de glúteos baixo no chão";"low glute bridge on floor";"Pernas";"Peso corporal";"glute-bridge";"4";"frontend/src/assets/exercise-sprites/glute-bridge"
"EX-1409";"1409";"Ponte de glúteos com barra";"barbell glute bridge";"Pernas";"Barra";"barbell-glute-bridge";"4";"frontend/src/assets/exercise-sprites/barbell-glute-bridge"
"EX-3561";"3561";"Ponte de glúteos marcha";"glute bridge march";"Pernas";"Peso corporal";"glute-bridge-march";"3";"frontend/src/assets/exercise-sprites/glute-bridge-march"
"EX-0074";"0074";"Puxada suporte com barra";"barbell rack pull";"Pernas";"Barra";"rack-pull";"4";"frontend/src/assets/exercise-sprites/rack-pull"
"EX-0168";"0168";"Quadril adução no cabo";"cable hip adduction";"Pernas";"Cabo";"cable-standing-hip-adduction";"2";"frontend/src/assets/exercise-sprites/cable-standing-hip-adduction"
"EX-3552";"3552";"Rápido pés versão 2";"quick feet v. 2";"Pernas";"Peso corporal";"fast-feet";"4";"frontend/src/assets/exercise-sprites/fast-feet"
"EX-0586";"0586";"Rosca deitado perna na máquina articulada";"lever lying leg curl";"Pernas";"Máquina articulada";"lying-leg-curl";"4";"frontend/src/assets/exercise-sprites/lying-leg-curl"
"EX-3006";"3006";"Sentado quadril abdução com faixa elástica";"resistance band seated hip abduction";"Pernas";"Faixa de resistência";"banded-seated-hip-abduction";"6";"frontend/src/assets/exercise-sprites/banded-seated-hip-abduction"
"EX-0597";"0597";"Sentado quadril abdução na máquina articulada";"lever seated hip abduction";"Pernas";"Máquina articulada";"hip-abduction-machine";"4";"frontend/src/assets/exercise-sprites/hip-abduction-machine"
"EX-0431";"0431";"Subida no banco com halteres";"dumbbell step-up";"Pernas";"Haltere";"step-up";"4";"frontend/src/assets/exercise-sprites/step-up"
"EX-3645";"3645";"Unilateral ponte com estendidos perna";"single leg bridge with outstretched leg";"Pernas";"Peso corporal";"single-leg-glute-bridge";"3";"frontend/src/assets/exercise-sprites/single-leg-glute-bridge"
